0,1,2
1,0,0
0.704680887,0.709524381,1.59E-05
0.463365018,0.886167512,2.77E-05
0.993262329,0.115887431,0.000222958
0.796519718,-0.60461251,0.00022622
0.399187343,0.916869373,0.00013358
-0.207383851,-0.978259641,-0.000116359
-0.057228961,-0.998361079,-3.30E-05
-0.969035409,-0.246920961,-0.00064375
0.168127038,-0.985765328,0.00013312
0.905411023,0.424535384,0.000765507
-0.473908241,-0.880574123,-0.000438815
-0.932702342,0.36064556,-0.001058655
0.146131762,0.989265118,0.000187177
0.374846033,0.927086915,0.000549881
0.500849823,-0.865533811,0.000822446
0.236578962,0.971612175,0.00042042
0.669904409,0.742446378,0.001207879
0.972426778,0.23320173,0.001764937
0.729151394,0.684351138,0.001328348
0.181969035,0.9833042,0.000348517
-0.338082445,-0.941116267,-0.000656892
-0.573530968,-0.81918298,-0.00121458
0.341098886,-0.940027107,0.000766481
0.441837283,-0.897094607,0.001040339
0.824489078,-0.565874327,0.002001608
-0.983136329,0.182857783,-0.002447415
0.672973871,-0.73966428,0.001709398
-0.839585961,0.543222484,-0.002178915
-0.167300182,0.985905899,-0.000456132
-0.823317146,0.567576989,-0.002288753
0.84454548,-0.535478347,0.002423202
-0.885142137,-0.465313302,-0.002632341
-0.992398202,-0.123032617,-0.002963717
0.244577113,0.969629528,0.000783772
0.935730921,-0.352701742,0.003020718
0.52536777,0.850873481,0.001739247
0.864969053,0.501816803,0.002904041
0.035657236,-0.999364071,0.000120864
-0.797097955,-0.603843944,-0.002709578
-0.171068226,-0.985259011,-0.000586159
0.822531643,0.568711834,0.002923462
-0.152527072,0.988299135,-0.000558741
-0.134669714,0.990890416,-0.00050184
0.660587204,-0.750745219,0.002482432
-0.561631679,-0.827384579,-0.002148302
-0.180246014,-0.983621316,-0.000694201
-0.468956229,0.883219483,-0.001843809
0.983803262,0.179208501,0.00393122
0.930415571,0.366486518,0.003807505
-0.032709088,-0.999464905,-0.000137487
0.637979873,-0.770048215,0.002725671
-0.73028324,0.68313726,-0.0031421
0.625438963,0.780268249,0.002750092
-0.152650027,0.988280078,-0.000675607
-0.989601307,-0.143770524,-0.004391879
0.611195982,0.791474137,0.00285702
-0.93664119,-0.350262854,-0.004383325
0.73449619,0.67860299,0.003650741
0.535791555,0.844346065,0.002670691
-0.20482552,0.978797969,-0.001021312
-0.78987657,-0.613252936,-0.003980056
-0.109029721,0.994038335,-0.000555288
0.484025945,0.875050152,0.002473157
-0.999573419,0.028736669,-0.005213892
0.952859634,-0.303369403,0.0050521
0.677070971,-0.735907939,0.003795402
-0.233005217,-0.972474607,-0.001306956
0.953981892,0.299815418,0.005409765
-0.897318088,0.44135455,-0.005139105
0.813583637,0.58142866,0.004730554
0.460988124,-0.887402198,0.002699766
0.200500694,-0.979692812,0.001210951
0.401588392,0.915816939,0.002469209
-0.266744016,-0.963765899,-0.001709175
-0.968898435,-0.247379597,-0.006257659
0.666505365,-0.745487495,0.004358114
-0.893304142,0.449414715,-0.005841524
-0.103029156,0.994678106,-0.000677157
-0.469077138,0.883151775,-0.003095396
-0.508271103,0.861190567,-0.003360646
-0.212926372,0.977067225,-0.001413673
-0.728841246,-0.684665224,-0.004895817
-0.945592257,-0.325290274,-0.006443706
-0.346005077,-0.938229633,-0.002375307
0.955537832,-0.294794958,0.006586646
0.302828704,-0.953042704,0.002092849
0.994335494,-0.106059531,0.006949902
-0.326332887,-0.945252093,-0.00230839
-0.129635305,-0.991561267,-0.000970354
-0.549469693,0.835503523,-0.00411333
-0.86671549,0.498760019,-0.006534743
0.981983047,-0.188822075,0.007451155
0.57347818,-0.819209062,0.004392023
0.999673823,-0.024351914,0.007696251
0.97902016,0.203623749,0.007542922
-0.625370827,-0.780312568,-0.00486048
0.559258504,-0.828981423,0.004441372
0.935328408,-0.353701213,0.007498146
-0.730208341,-0.683198327,-0.005985462
-0.920311015,-0.391113021,-0.007631504
0.986555461,0.163220699,0.008205193
0.757015267,0.653366512,0.006331346
-0.991449888,0.130210395,-0.008507235
0.396861634,-0.917872003,0.003439444
-0.576662566,0.816966511,-0.005099416
-0.986424162,0.163985249,-0.008729845
0.6484749,-0.761214269,0.005756832
-0.753209166,-0.657747034,-0.006692688
-0.99850687,-0.05389321,-0.00891926
0.911327866,0.411600148,0.008175477
0.882513845,-0.470219755,0.007918056
-0.988696391,-0.149666284,-0.008913478
-0.146256591,0.989245784,-0.001337333
0.366654044,0.93035124,0.003373613
-0.572603709,-0.819814983,-0.005327893
-0.952489429,-0.304436041,-0.009087549
0.483418602,0.875377114,0.004621932
-0.985372648,0.170147353,-0.009519646
-0.950539024,-0.310468938,-0.009197921
-0.717820244,-0.696193711,-0.006957992
0.986921444,0.160914578,0.009620874
-0.051074334,-0.998694729,-0.000500122
0.281508961,-0.959554545,0.002789375
0.514500122,-0.857474901,0.005139919
-0.995984994,0.088927986,-0.010281311
-0.758490102,0.651635031,-0.00803444
0.975195938,0.221089729,0.010593112
0.792607094,-0.609671183,0.00866278
-0.981025525,-0.193571966,-0.010900182
0.846708273,-0.531972892,0.009483809
0.735821356,-0.677125502,0.008245437
0.936267666,-0.351124645,0.010693054
-0.53581874,-0.844310779,-0.006130757
0.792413299,-0.609915678,0.009166753
-0.78328572,0.621595642,-0.009074035
0.677624901,-0.735365475,0.007881038
-0.063102174,-0.998006799,-0.000738088
-0.91502361,-0.403256878,-0.0107556
-0.983564031,0.180186568,-0.011601587
-0.779516583,0.626312892,-0.009276818
0.12997548,-0.991515982,0.001559636
-0.976707082,0.214254232,-0.011764351
0.295268355,0.955407656,0.003579005
0.691847816,0.721994264,0.008419138
-0.933426217,-0.35858551,-0.011486081
-0.99802508,0.061552733,-0.01253799
0.852738001,-0.522226857,0.010817221
0.353178724,-0.935545126,0.004484089
-0.277733885,-0.960651467,-0.003556474
0.668730131,0.743455293,0.008616235
0.582422052,0.812851852,0.007511296
-0.72705066,0.686517315,-0.009555857
-0.995660135,0.092131002,-0.013144353
-0.432429574,-0.901649502,-0.005730503
-0.023721591,-0.999718554,-0.000315265
-0.286443245,-0.958089564,-0.003828184
0.741813539,0.670532903,0.009914609
0.523286008,-0.852128148,0.00702661
0.606548948,-0.795002065,0.008372041
-0.773641141,0.633533482,-0.010710415
0.248113999,-0.968724705,0.003448178
0.853195082,0.521455675,0.011921873
0.934486117,-0.35575437,0.013210822
-0.982270873,-0.186946595,-0.013960767
-0.56092468,0.8278279,-0.008029445
-0.947035391,-0.320840402,-0.013616343
0.184544465,-0.982820533,0.002672086
0.965616789,-0.259583772,0.014159178
-0.641262439,-0.767263817,-0.009419142
0.158126584,0.987416115,0.002323474
-0.366870239,-0.930256226,-0.005438978
0.983559907,-0.179987607,0.01464141
-0.989623487,0.142913441,-0.014869539
-0.923331905,-0.383746793,-0.014021115
0.160361466,0.987055341,0.00243999
-0.772568218,-0.634822786,-0.011763484
-0.646505605,-0.762844991,-0.009900656
-0.50734178,0.861709881,-0.007771734
-0.003649303,-0.99999334,-5.61E-05
0.217260577,0.976107927,0.003340008
0.555532199,-0.831450504,0.008604365
0.905767646,0.423541995,0.014041012
-0.725297233,-0.688341443,-0.01140095
0.197223668,-0.980353554,0.003119871
-0.671005236,0.741375358,-0.010702891
0.791390389,-0.611180284,0.012645658
0.917293,0.397942972,0.014660966
0.274744864,-0.961506933,0.004435919
0.736594921,0.676229035,0.011925387
-0.741516471,-0.670826788,-0.012031004
0.218339719,0.97586639,0.00354346
0.731302409,-0.681947919,0.011992555
-0.999287537,0.033980457,-0.01642397
-0.118591726,0.992941173,-0.001957112
-0.059563304,0.998224044,-0.000984947
-0.241827247,0.970311077,-0.003999641
-0.420188808,0.907409778,-0.006989998
-0.925533429,0.378345412,-0.01557631
0.244182521,0.969720304,0.00417469
-0.706317755,0.707789863,-0.012195809
0.997010716,-0.075300328,0.017305886
0.882921101,0.469270954,0.015332989
0.901097335,0.433332181,0.015710295
-0.437364615,0.899251636,-0.007660848
-0.764806437,-0.644118866,-0.01349078
-0.12129462,0.992614195,-0.002162196
0.895675141,0.444419074,0.01605391
0.114916013,0.993373071,0.002061765
0.941667689,0.336108779,0.017112918
-0.238498198,0.971133178,-0.004354357
-0.971140297,0.237832872,-0.017945734
-0.500222682,0.865846409,-0.009341529
0.917421986,0.397545537,0.017159443
0.717012704,0.696930104,0.013461502
-0.603200902,-0.797508658,-0.011340699
-0.372355372,-0.928063503,-0.007043528
0.472208827,-0.881440173,0.00905793
-0.281287165,-0.959608153,-0.005451932
0.996917339,-0.076014494,0.01943235
0.815848312,-0.578045886,0.015952569
0.575932159,-0.817416411,0.01151345
0.823844893,0.566572478,0.016589749
0.993195804,0.114720724,0.020031214
-0.520523025,0.853782638,-0.010535049
-0.820331797,-0.571641062,-0.016799995
-0.832376459,-0.553948039,-0.01705873
0.987055085,-0.159094002,0.02028196
-0.979447747,0.200659328,-0.02044371
-0.695815358,-0.718073362,-0.014547638
-0.656709413,-0.754018127,-0.013762677
0.979729603,0.19926376,0.020587834
0.916659938,0.399202996,0.019274992
-0.786723427,-0.617082954,-0.016579409
0.62796208,0.77813119,0.013246821
-0.601197667,0.798998926,-0.012731121
-0.168228782,0.985741529,-0.003565705
0.105646911,-0.994401171,0.002245284
-0.78367846,0.620942003,-0.016706284
0.862331123,0.506010842,0.018386469
-0.797875752,0.602580758,-0.017050351
0.735659413,0.677167358,0.015798647
0.53487083,-0.844853687,0.01163801
0.885071901,-0.465055024,0.019275771
-0.649661911,-0.760090852,-0.014187993
-0.240659724,0.970595296,-0.005260148
-0.590742129,-0.806756954,-0.012921041
-0.923948189,0.381979761,-0.020278226
0.1754529,-0.984480262,0.003859325
0.959731432,-0.280123279,0.021131162
0.718797957,-0.695038421,0.015845829
-0.986089369,0.164787576,-0.02174421
0.971914355,0.23435278,0.021477
-0.513430068,0.858056126,-0.011368835
-0.743591898,-0.668430949,-0.016466805
-0.728963959,0.684360882,-0.016178067
0.151721627,0.988417503,0.003374519
0.997169892,-0.071829891,0.022196239
-0.444560296,-0.895694003,-0.009919546
-0.616768833,0.787022817,-0.013830836
0.53152684,-0.84695741,0.01193164
-0.999497582,0.022312515,-0.022510761
-0.899920082,0.435581633,-0.020309793
-0.409352537,-0.912329068,-0.009282878
0.703669192,-0.710348099,0.015976401
-0.869523671,0.493490872,-0.019883254
0.840112731,-0.542064319,0.019413234
0.873346764,0.486680649,0.020183562
-0.083476245,0.996507899,-0.001929578
-0.962392094,-0.270743117,-0.022352235
-0.78657859,-0.617219621,-0.01827735
-0.334066845,0.942517395,-0.007765553
0.991266509,0.129815251,0.023210096
0.782039257,0.622957428,0.018402269
-0.682856333,-0.730373494,-0.016179866
-0.894992226,-0.445570585,-0.021348771
0.381214775,0.924441141,0.00915817
-0.267301041,-0.963591494,-0.006448723
0.378472241,-0.925567397,0.009151906
-0.87085232,-0.4910915,-0.021103897
0.954584252,0.29703348,0.023238263
0.310406936,-0.950573652,0.0075675
0.387258797,0.921921781,0.009531786
0.777223206,-0.628930144,0.019260369
0.995529461,-0.091155703,0.024733192
0.872627719,0.487900531,0.021770084
-0.911506497,-0.410655084,-0.02276638
-0.72133002,-0.692356205,-0.018052346
-0.49606746,-0.868195129,-0.012421485
0.937052523,0.348394161,0.023538845
0.978267811,0.205856964,0.024799214
-0.939320923,0.3422106,-0.023835019
0.952796493,0.30261986,0.024496191
-0.999654114,0.005248595,-0.025770242
0.769004737,0.638929913,0.020007018
-0.999370557,0.023856812,-0.026255325
0.95710799,-0.288637705,0.025150947
0.206753509,-0.978377837,0.005458522
-0.988521452,-0.148803575,-0.026131124
-0.404885742,-0.914304424,-0.010721734
-0.096488025,-0.995330841,-0.002564925
0.335774373,-0.941900111,0.008930342
-0.999444423,0.020014536,-0.026650773
0.23140233,-0.972838529,0.006177208
0.80523498,-0.592558955,0.021691277
-0.038231058,-0.999268394,-0.001030566
-0.066766248,-0.997767018,-0.001801641
0.353639567,-0.935332473,0.009603172
-0.099248191,-0.995059049,-0.002698994
-0.474994143,0.879893678,-0.012949143
-0.782357315,0.622462965,-0.021374984
-0.724796088,-0.688677036,-0.019863804
0.553736171,0.832552299,0.015261775
-0.21383266,-0.976852433,-0.00590915
-0.350746017,-0.936420438,-0.009695138
0.613212129,-0.789735426,0.016995342
0.74927342,0.661930913,0.020899971
0.686492645,-0.726882668,0.019220725
-0.769663582,-0.638079599,-0.021734671
0.417467997,-0.908614524,0.011837157
-0.954040853,-0.298447244,-0.027116312
0.975984334,-0.216062526,0.027777032
0.729601002,-0.683557543,0.020771695
-0.36866944,0.929501087,-0.010515352
-0.997850369,-0.059024985,-0.028472663
0.637174243,-0.770504507,0.018215068
-0.044323422,-0.999016416,-0.00127895
0.943658423,0.329777139,0.027492184
-0.679232024,0.733656083,-0.01981438
0.62043937,-0.784044333,0.018151383
-0.979911272,-0.197360794,-0.028681282
-0.26824305,-0.963318971,-0.007888366
-0.804858132,0.592995071,-0.023669238
-0.850838261,0.524829461,-0.025065736
0.995084024,-0.094545049,0.029479127
0.086745912,0.996227123,0.002581887
-0.481299277,0.876439258,-0.014325977
-0.794197906,0.607196102,-0.023718772
0.323019218,-0.946342839,0.009685877
-0.05785201,0.998323661,-0.001735499
-0.269955938,0.962838575,-0.008103754
0.531499059,0.846906477,0.016067649
0.220121598,-0.975449725,0.006656971
-0.944767998,-0.326490482,-0.028590137
0.998068327,-0.054268754,0.030240978
0.712426812,0.701412963,0.021630827
0.713779876,0.700034343,0.021684255
0.786064324,-0.617682674,0.023895474
-0.993039759,-0.11384199,-0.030199968
-0.131782506,0.991270521,-0.004015656
-0.868470121,0.495033985,-0.026476449
0.993347341,0.111031623,0.030545686
-0.569213984,0.821999058,-0.017691485
0.884449715,0.465816091,0.02764183
-0.413462867,-0.910429145,-0.012931734
0.553875097,0.832419234,0.017337696
0.658225626,-0.752538389,0.020615465
0.490443255,0.871337283,0.015386758
0.027198689,-0.999629682,0.000854363
-0.626713507,0.778997807,-0.019814054
-0.255505118,0.966773556,-0.008125647
-0.983445164,0.178464019,-0.031403879
0.891492772,0.452134071,0.028555528
-0.32320305,-0.946272236,-0.010423254
0.995564835,0.088407256,0.03216857
-0.715398298,0.69833381,-0.02313363
0.573798006,0.818786179,0.018575288
-0.709059437,0.704770493,-0.023092596
0.408520705,0.912651765,0.013326278
0.963492425,0.265877245,0.031490286
-0.656070691,0.754393358,-0.021492102
0.991212544,0.128228414,0.032483338
-0.240523312,0.970611222,-0.007898821
0.993023819,0.113291441,0.032691641
-0.893582323,-0.447932441,-0.029447587
0.864360225,0.502056559,0.028646346
0.219923471,-0.975489639,0.007323311
0.480503657,0.876846096,0.0160362
0.978967025,-0.201380986,0.032699588
-0.426454459,-0.904396217,-0.014285568
0.217035845,-0.976136028,0.007341444
-0.990608235,0.132531877,-0.033624777
0.994968521,0.094321263,0.03378078
-0.929812713,-0.36666683,-0.031682092
0.987565736,-0.153550047,0.033709062
-0.650872888,0.758860823,-0.022242646
-0.664118287,-0.747282305,-0.022716884
-0.40301101,0.915091109,-0.013798101
-0.759121453,0.650428272,-0.026032334
0.833402908,-0.551922771,0.028650461
0.744264539,0.667391374,0.025671969
-0.775244727,0.631093041,-0.026780357
-0.968374439,-0.24723838,-0.033528043
0.997220801,0.065980231,0.034601782
0.998827584,0.033726517,0.034727207
-0.523943745,-0.851555506,-0.018334984
-0.821880683,-0.568932772,-0.028768795
0.914411232,0.403508604,0.032138832
0.086536096,0.996244059,0.003046298
0.852034342,0.522617311,0.030143415
-0.512684824,-0.858385029,-0.018149718
-0.948157497,-0.316005565,-0.033731924
0.671250951,0.740841188,0.024010307
-0.4358627,-0.899877475,-0.015628081
-0.286064261,-0.958155304,-0.010278773
-0.876908906,-0.479615947,-0.03161192
0.684459677,0.728632468,0.024691634
-0.369334813,0.929200328,-0.013362125
-0.114689571,-0.993392708,-0.004150879
-0.134791745,-0.990861932,-0.00488036
-0.858271322,0.512239531,-0.031320927
-0.898396755,-0.437948459,-0.032930511
0.394348861,0.918847113,0.014455435
-0.018870982,0.999821688,-0.000691841
-0.530572279,0.847415189,-0.019507787
-0.961753347,-0.271621699,-0.035385751
0.879657252,-0.474502588,0.03241009
0.022143208,-0.999754476,0.000816289
0.901580558,0.431329493,0.033277111
0.8839504,-0.466427585,0.032817661
0.995115502,0.091458009,0.037156028
0.823620953,0.566305073,0.030774815
-0.67638964,-0.73610949,-0.025295708
0.024962474,-0.999687951,0.000936013
0.873240109,0.486188431,0.032749375
0.703899297,0.709804985,0.026507804
-0.930656836,0.364201922,-0.035139907
0.091622676,-0.995787769,0.003464658
-0.417972269,-0.908321865,-0.015829455
0.976089081,0.214193239,0.037031899
0.666191244,-0.745351496,0.025305623
-0.968246988,-0.247261789,-0.03686975
-0.537852094,-0.842789709,-0.020509331
0.772512091,-0.634314805,0.029492334
-0.529010017,-0.848374046,-0.020245508
-0.684827976,-0.728231593,-0.026256243
-0.995582258,0.085752905,-0.038241434
0.029813119,0.999554824,0.001154249
0.426748476,-0.904219253,0.016531203
-0.681215001,0.731606961,-0.026407907
-0.124300077,0.992232899,-0.004833663
0.657607224,-0.752919804,0.025778032
0.010653441,-0.999943163,0.000419082
-0.208514821,-0.977984778,-0.008206309
-0.216652618,-0.976211499,-0.008529501
-0.959564882,-0.27894074,-0.037779648
-0.99547102,0.086582028,-0.039255575
0.971912238,0.232196711,0.038357392
0.991609837,-0.123185679,0.039181881
0.996834079,0.068983399,0.039536191
-0.956122588,0.290482592,-0.038071793
-0.751644197,-0.658881869,-0.030094589
-0.891778546,0.451059084,-0.035731311
0.324187831,-0.945903512,0.012992172
0.97424916,0.222051122,0.039139156
0.997952837,0.049805519,0.040119147
-0.371937882,-0.928137181,-0.014952739
-0.745858396,-0.665423608,-0.030111043
-0.217278624,-0.976070184,-0.008774728
0.72195612,-0.69132203,0.029209778
0.595821516,-0.802743782,0.024477383
-0.838685981,0.543524108,-0.034458223
-0.513594862,0.857770019,-0.021234705
0.05722964,-0.99835822,0.002373405
0.999055576,0.01281535,0.041517741
-0.589830586,0.807154007,-0.024541568
-0.954798833,-0.294568608,-0.039856292
0.006295688,0.999980147,0.000263323
-0.663508278,0.747648524,-0.027900715
-0.260441431,-0.965427154,-0.010985051
-0.930488284,0.364210137,-0.039275054
0.436732902,-0.899402188,0.01844119
-0.85249155,-0.52149228,-0.036110371
-0.738364722,-0.673672962,-0.031341305
0.130214191,0.991470463,0.005530384
0.985334382,-0.165380263,0.042018137
-0.274492312,0.961517646,-0.01173829
-0.412605152,-0.910738715,-0.017662979
0.207095692,-0.978280505,0.008867205
-0.991500087,0.122975564,-0.042480452
-0.678378497,0.734132919,-0.029180017
0.998484996,0.034361945,0.042976382
0.456259297,0.889629863,0.019650979
0.998979346,-0.013506601,0.043102637
0.559256937,-0.828642656,0.024145939
0.559521735,-0.828463042,0.024174688
0.089839663,0.995948621,0.003896038
-0.991200349,-0.12518993,-0.043004061
-0.989625645,-0.137075384,-0.043028148
0.868090078,0.494943427,0.038087009
-0.990994216,-0.126592571,-0.043643851
-0.591776861,-0.805677909,-0.026139129
0.968307716,-0.246058587,0.042840852
0.892376579,0.449551869,0.039587339
0.355550261,0.934523245,0.015821373
-0.944885297,-0.324689279,-0.042055291
-0.963373708,-0.264691422,-0.043006399
-0.846488708,0.531063847,-0.037789636
-0.088614233,-0.996058118,-0.003967824
0.835615596,-0.548033739,0.037491297
0.27511677,0.961331187,0.012373853
0.934236188,-0.35416866,0.042039326
0.851428309,-0.523068177,0.038334279
-0.632597669,0.773955953,-0.02850215
-0.968101186,0.246730793,-0.043634949
-0.933968334,0.354865837,-0.042111622
0.486945472,-0.873155547,0.02198857
0.204816225,0.97875665,0.009259248
0.972008668,-0.230783998,0.04402153
0.305746328,0.952012243,0.01385177
0.466433903,-0.884303212,0.021148146
-0.942022492,-0.33280896,-0.042799768
0.989244138,0.13919326,0.044958565
-0.962836615,-0.266451866,-0.044148103
-0.993669643,-0.102659693,-0.045624855
0.968187222,-0.246222271,0.044588068
-0.307440663,-0.951461463,-0.014188831
-0.508911337,-0.860497945,-0.023506134
0.170635677,-0.985302527,0.00789918
-0.988800139,0.142040551,-0.045812305
-0.925416138,-0.376517979,-0.042885692
-0.973774552,-0.222980645,-0.045196827
0.217996916,-0.975896945,0.010124096
-0.751770103,-0.658500067,-0.034919521
-0.530047647,0.847610023,-0.024632093
-0.970228826,0.237954733,-0.045095116
-0.143368608,-0.989646873,-0.006671464
-0.784568604,-0.618958174,-0.036645388
-0.998416585,-0.031407311,-0.046668014
-0.446085296,-0.894745842,-0.020923377
0.308377553,0.951153917,0.014474513
0.174847514,-0.984561174,0.008224414
0.822010549,0.568156499,0.038689142
0.627710793,0.777884202,0.029585947
-0.714363496,-0.698962227,-0.033713529
0.990087552,-0.132430475,0.046784699
-0.577160651,-0.816174707,-0.027284253
-0.943396935,0.328653401,-0.044600047
-0.998627947,0.022424702,-0.047321834
-0.990655545,-0.127957511,-0.047206638
0.471341606,-0.881663369,0.022512099
-0.955225853,-0.292327599,-0.045696221
0.897701957,-0.438494884,0.04305152
0.997210602,0.057275934,0.047858996
0.546133765,-0.837285227,0.026293713
-0.340097469,-0.940247372,-0.016388735
-0.613925734,-0.788806918,-0.029645233
0.964687684,-0.259239211,0.046612272
-0.014070326,-0.999900774,-0.000684068
0.299593885,0.953955197,0.014594044
-0.622343312,0.78215419,-0.030391179
0.932614245,0.35798856,0.045550635
0.997994509,-0.040377658,0.048750423
0.844504581,-0.533956817,0.041256869
0.989887523,-0.133336506,0.048415582
0.432491835,0.901389339,0.021167714
0.209503128,-0.977754171,0.010257709
-0.908611397,0.415252063,-0.044621235
-0.629736133,0.776192529,-0.030944493
0.954344973,0.295002429,0.046896049
0.625641728,-0.779502242,0.030800708
-0.254360796,-0.967028004,-0.012546954
0.365340534,-0.930699374,0.018026909
-0.11785847,-0.993013235,-0.005839121
-0.970065253,-0.238032757,-0.048102103
-0.636954774,0.770253112,-0.031603144
0.106766515,-0.994269906,0.005316568
-0.958034678,0.282592819,-0.048071342
-0.824154746,-0.564852409,-0.041360741
-0.981439087,0.185339818,-0.049259225
-0.538241228,0.842356462,-0.027054975
0.668787646,0.742690571,0.033671952
-0.991519251,-0.119942234,-0.05003435
-0.967850351,0.246731114,-0.048882064
0.420334765,0.907120045,0.02125815
-0.66246511,0.748341362,-0.03354376
-0.707230114,0.706074587,-0.035836348
-0.959774054,-0.276521909,-0.048676464
0.806513627,-0.589789814,0.041033463
0.038408379,-0.999260209,0.001957279
0.98172909,0.183576273,0.050077404
-0.395629579,0.918187855,-0.020206433
-0.404221547,0.91442795,-0.020651031
0.027577606,0.999618663,0.001415968
-0.857047301,0.513339405,-0.04418799
0.993060341,-0.105871892,0.051208421
-0.375554813,-0.926597478,-0.019382869
0.897434257,0.438705233,0.046362401
-0.587435041,0.808702034,-0.030349511
0.19153159,-0.981436504,0.009901407
0.990447544,-0.12801605,0.051240151
0.182121871,-0.98323073,0.009431651
-0.553309701,0.83247914,-0.028755102
-0.332766575,0.942850523,-0.017300216
-0.358346619,0.933402059,-0.018662695
0.549945181,0.834706699,0.028723243
-0.633153767,-0.773315622,-0.033155036
0.329643713,-0.94394758,0.01726234
0.414463034,0.909805423,0.021782702
-0.587300534,-0.808776572,-0.030960289
-0.849924375,0.524990192,-0.044876002
0.854193922,0.517977801,0.045296144
0.144404973,-0.989489032,0.007658952
0.941710845,-0.332682933,0.050027494
-0.445200651,-0.89511805,-0.023665532
0.977951753,0.202148038,0.052407427
0.612570636,0.789732927,0.032849963
0.269721989,-0.962829097,0.01449752
0.027568455,-0.999618818,0.001482575
0.843642069,0.534950921,0.045777411
-0.861426076,0.505725311,-0.046765642
-0.679078799,-0.733136815,-0.03691063
-0.000236208,0.999999972,-1.29E-05
0.413706013,0.910130926,0.022561734
-0.962499457,-0.266153407,-0.052508653
0.053379459,0.998570023,0.002922856
0.678278774,0.733864957,0.037150102
0.827633604,-0.559435202,0.045330702
0.560188006,0.827796948,0.030685687
-0.899193482,-0.434760099,-0.049343064
0.365370926,-0.930645789,0.020062432
0.045973031,0.998939485,0.00252692
0.140189746,0.990094504,0.007727167
-0.989769956,-0.131816819,-0.054587175
-0.620011335,0.783843115,-0.034291613
0.985077462,-0.163258441,0.054489217
-0.025211941,-0.999681155,-0.001395201
-0.542721949,0.839373757,-0.03007627
-0.820225243,0.570231849,-0.045455356
-0.979721321,0.192852576,-0.054350878
0.853865704,0.518329289,0.047414222
-0.118955958,0.992877466,-0.006619448
-0.043107201,-0.999067567,-0.002401236
0.812032314,0.581854233,0.045267772
-0.535965578,0.843710929,-0.02987921
-0.073263344,-0.997304266,-0.004084547
-0.347536587,0.937465542,-0.019408172
-0.04814745,0.998836592,-0.002699343
-0.787181015,-0.615135743,-0.044204825
-0.817409948,0.574223207,-0.045920413
0.013073469,-0.999914269,0.000734647
0.618767631,-0.784800005,0.034865036
0.998410213,-0.001783668,0.056337067
-0.606535893,-0.794311483,-0.034401717
-0.162170723,0.986719544,-0.009230307
0.933324288,-0.355072218,0.053192987
0.283914234,-0.958712633,0.016210957
0.689333023,0.723370598,0.03943301
-0.746409076,0.664114883,-0.042719012
-0.242335857,0.970093161,-0.013877745
0.122368364,0.99245993,0.007019324
0.541279068,-0.840264705,0.031180061
0.888255876,-0.456485914,0.051206534
-0.993889627,0.094244158,-0.057458227
-0.281146866,0.959526512,-0.016288435
0.585959719,-0.809619188,0.03417569
0.227274588,-0.973740305,0.013269549
-0.289606999,0.956996189,-0.016913917
0.081856559,-0.996632625,0.004786963
0.860352992,0.507208052,0.050326158
0.976453422,-0.20801706,0.057163086
-0.856752454,0.513280927,-0.050178913
-0.987674154,-0.14541757,-0.057909379
0.378504065,-0.92533353,0.022193027
-0.501289902,0.864777363,-0.029471096
-0.982499154,-0.177070948,-0.057803904
0.492625446,0.869758273,0.028995114
0.032929569,-0.999455795,0.001938282
0.933022947,0.355572989,0.055100174
0.788049191,-0.613846476,0.046593726
0.502150764,0.864268117,0.029752845
-0.059253185,-0.998236794,-0.003516196
-0.244073954,0.969648091,-0.014508102
-0.724852697,-0.687523067,-0.043595877
0.027126846,-0.999630664,0.001633905
0.257376254,0.966186744,0.015512565
0.946957415,0.316234114,0.057163267
-0.988021419,0.142319937,-0.059654935
0.3893376,0.920794193,0.023543313
0.370056282,0.928738106,0.022447246
0.571574346,-0.81981395,0.0347542
-0.015332531,0.999882014,-0.000933773
0.955310097,0.289816391,0.058215792
-0.113864388,-0.993472051,-0.006941612
-0.398154087,0.916995784,-0.024332207
0.814792307,-0.577608447,0.049819462
-0.376246783,0.926233624,-0.023013737
-0.719768365,-0.692814612,-0.044061489
-0.965803064,0.252421493,-0.059226945
0.051774133,-0.998653769,0.003176431
-0.990706076,0.121560884,-0.061028049
-0.25445528,-0.966957089,-0.015700291
0.909452106,0.412002922,0.056128949
0.015211102,-0.999883864,0.000938827
0.696241918,0.716513078,0.043083653
-0.995237908,-0.075545087,-0.06159908
0.751260278,-0.658357903,0.04661402
-0.204803886,-0.978719902,-0.012756269
0.71734409,-0.695282925,0.044711409
0.057086102,0.998362902,0.003562792
-0.377581304,-0.925676396,-0.023570501
-0.960491683,0.27173157,-0.060147163
0.969811637,-0.236138891,0.060858958
-0.486315688,0.873247769,-0.030584075
-0.725526098,0.686678396,-0.045658082
-0.947075442,-0.315393942,-0.059789373
0.974731414,0.214685453,0.06171569
0.018232085,0.999833114,0.001155834
-0.867348841,0.494619763,-0.055292662
-0.516945367,-0.855377992,-0.033105555
-0.975641353,0.210227194,-0.062677571
-0.737786349,-0.6733583,-0.047538444
0.437740137,-0.898655719,0.028310254
0.673751221,0.737670946,0.043598946
-0.951882715,-0.300202086,-0.061627947
-0.484953884,0.873975076,-0.031421297
-0.955258364,0.289222363,-0.061902201
-0.550862432,-0.833829909,-0.03575282
-0.955122844,0.289649675,-0.061995319
-0.990785042,0.119199572,-0.064315332
0.957982223,0.279984688,0.062278686
0.284380829,-0.958532549,0.018517488
-0.476831437,0.878440131,-0.031220449
0.572665764,-0.818926776,0.037588003
0.826955743,0.559639266,0.054296332
-0.238836984,0.970932975,-0.015686075
0.260844003,-0.965228263,0.017169914
0.744317844,-0.66601975,0.049077891
0.701978619,0.710691923,0.046292653
0.863015387,0.5019538,0.056980912
-0.156436213,-0.987633984,-0.01033563
-0.53804135,0.84216614,-0.035604753
-0.507337025,0.861092872,-0.033588815
-0.557523095,-0.829339361,-0.036935396
-0.67779141,0.733875729,-0.045002421
-0.390753879,0.920127776,-0.026005435
0.971027556,-0.23000124,0.064845313
0.838842669,-0.541481374,0.056043718
0.910816031,-0.408299474,0.060874435
0.280051174,0.959801754,0.018759883
0.997530012,0.020754007,0.067105484
0.844666427,-0.532259851,0.056904115
0.623592265,-0.780618733,0.042036654
0.759697602,-0.648247004,0.051335907
0.817820214,-0.572794322,0.055468572
-0.020155267,-0.999795921,-0.001371685
-0.908389085,-0.413499387,-0.062028434
0.995345069,-0.06810972,0.068185476
0.869209195,-0.490811607,0.059827597
-0.931928353,0.356922758,-0.064153643
0.723170084,-0.688866487,0.049879779
0.929269697,0.363775449,0.064228134
0.623130197,0.780929076,0.043110743
0.959527828,-0.273638344,0.066546252
0.156842875,-0.987563227,0.01091718
0.920650915,-0.385088326,0.064100505
-0.309032295,-0.950807814,-0.02152999
0.14908227,0.98877018,0.010392705
0.264932255,-0.964089855,0.018483842
0.211578215,0.977249289,0.014781253
-0.930250441,0.361121734,-0.065001623
0.385393804,-0.92235795,0.026970873
-0.301604625,0.953199105,-0.021121485
0.285039012,0.958307707,0.019977484
-0.752371508,0.656616343,-0.052840241
0.991655496,-0.108289229,0.0699487
0.853424588,-0.517724242,0.060233558
-0.75387087,-0.654861942,-0.053240481
-0.835415058,0.546434827,-0.059081808
-0.987345454,-0.14231984,-0.069957259
0.976534903,0.20392115,0.069251334
0.997467384,-0.007398802,0.070739488
0.979462719,0.189259245,0.069524955
0.145249743,0.989341297,0.010310727
-0.891684197,-0.448203571,-0.063347069
0.996771005,0.037673277,0.070910417
0.055457261,0.998453256,0.003948087
-0.680162641,0.731458582,-0.048447131
0.707215198,-0.705200596,0.050386334
-0.260330718,0.965340779,-0.01857681
-0.928123418,-0.366331121,-0.066245233
0.982106294,-0.174757891,0.070191933
-0.712626227,0.699685481,-0.051030262
0.468059587,-0.883060327,0.033536283
0.99741952,-0.006165181,0.071528253
0.160982678,-0.986889692,0.011546149
0.174837357,-0.984517428,0.012543193
0.173681052,-0.984722812,0.012485053
-0.30235619,0.952946686,-0.021756544
-0.147598865,-0.988990115,-0.010636103
-0.982169821,-0.174154214,-0.070800797
-0.989826279,0.123060345,-0.071414907
-0.679664313,0.731875921,-0.049133071
-0.543510682,0.838478462,-0.03937014
-0.836770367,-0.544187963,-0.060620249
-0.936998584,0.342660499,-0.067951713
-0.874143191,0.481496601,-0.063519326
-0.645020819,-0.762724462,-0.046899229
0.922121174,0.381038168,0.067100333
0.92824719,-0.365771658,0.067588818
0.935935919,0.345487392,0.068281893
0.114127024,0.99343118,0.008337436
-0.44594453,0.8944658,-0.032625284
0.239741208,-0.970678276,0.017545319
-0.735451206,0.675431153,-0.053891379
-0.995739816,-0.055813585,-0.073396612
0.731497435,-0.679691074,0.054143764
0.560426839,0.827154401,0.041681597
0.90948013,-0.410206648,0.067649083
-0.912692104,0.402965321,-0.067912243
0.984402674,-0.159907074,0.073356009
0.192952281,0.981102603,0.014390945
-0.995400926,-0.060215783,-0.074505404
0.006967164,0.999975592,0.000522747
-0.559957971,0.827454927,-0.042016834
-0.46582394,0.884184257,-0.035017937
-0.639806167,0.767029595,-0.048100609
0.77400231,-0.630503149,0.058191098
0.127811574,-0.991751915,0.009609424
-0.286676987,-0.957784409,-0.021571537
-0.79942373,0.597744647,-0.060191668
-0.250185903,0.968012667,-0.018933855
-0.916815861,0.393224709,-0.06944786
0.581408121,-0.812407763,0.044251828
0.754280021,0.654034217,0.057453394
0.02537634,0.999676094,0.001935859
0.948777157,-0.307514389,0.072503838
-0.955988277,0.284139486,-0.073151672
0.956677504,0.281792978,0.07321797
0.095023351,-0.995448468,0.007273928
0.971391581,-0.225537407,0.074372544
-0.410628726,0.911260228,-0.031445913
0.996833372,0.021958225,0.076426865
-0.843914875,-0.532560502,-0.064707004
0.829421497,-0.554974048,0.063747839
0.905878483,-0.417764805,0.069690322
-0.980717116,0.180272942,-0.075469234
-0.312658051,-0.949560761,-0.024068744
0.966820164,0.24437428,0.074431049
-0.309631216,-0.950557347,-0.023858774
0.941250505,0.329799971,0.072659938
-0.976282803,0.202946711,-0.075395766
-0.122174018,-0.99246363,-0.009457884
0.249514891,-0.968178116,0.019324965
0.890223363,-0.450249669,0.069120186
0.458430465,-0.88801634,0.03561586
-0.323981849,-0.945726688,-0.025234778
0.277032158,-0.96061824,0.021581946
-0.333406691,-0.942424788,-0.025990315
-0.954643132,0.288301053,-0.074424418
-0.956472727,0.282129952,-0.074582922
-0.956659353,0.281489074,-0.074610882
0.720687599,0.690974945,0.056240641
-0.987822257,-0.135136769,-0.077105402
-0.362645477,0.931496074,-0.028342954
-0.835060624,0.546265704,-0.065326368
0.96855128,0.236989593,0.075791492
-0.734380259,0.676298829,-0.057493736
-0.680329172,-0.73096817,-0.053270555
0.425251947,-0.904462026,0.033305027
0.487992306,-0.872009896,0.03823938
-0.367740847,-0.929480271,-0.028863387
-0.206867688,-0.978233444,-0.016281542
-0.93389138,-0.349913084,-0.073537235
-0.858116647,0.50896772,-0.067732425
0.198374696,0.980001144,0.015660102
0.567672258,-0.822032667,0.044838628
0.954500677,-0.288488224,0.075518229
-0.526614045,-0.849082523,-0.041671532
0.296924997,0.954611339,0.023510358
0.976290835,-0.20215733,0.077386177
-0.596971147,-0.800862942,-0.047370846
0.948011645,-0.309212787,0.07524209
0.583810858,-0.8105662,0.046339153
0.202788519,-0.979090243,0.01609699
0.995269937,0.056470034,0.079049909
-0.627090223,0.777352286,-0.049812405
0.95906848,0.2727283,0.076203184
0.033789008,0.999425361,0.002692597
0.905610057,-0.417916009,0.072226275
0.886646253,0.456996202,0.070801793
0.892641082,-0.44508067,0.071379947
-0.995072982,0.059101962,-0.079603509
-0.996468282,0.025738957,-0.079927898
0.598826911,-0.799428672,0.048167713
0.46354403,0.885283565,0.037415797
0.987882792,0.13306826,0.079877579
-0.988088297,0.131522044,-0.079896613
0.996673982,-0.011470339,0.080680886
-0.209818961,0.977592677,-0.0169871
-0.995090442,-0.057393475,-0.080628792
-0.450956361,0.891793021,-0.03665472
0.237631047,-0.97116338,0.019317741
-0.14530306,0.989316488,-0.01182823
0.475110999,-0.87907418,0.038705612
0.843263954,-0.533088814,0.068718408
-0.996688233,0.000561858,-0.081315746
-0.116692043,0.993122508,-0.009521081
0.70136715,0.710497624,0.057247242
0.398632086,0.916533004,0.032553219
0.932052142,-0.354215967,0.076222395
-0.991465488,-0.102086555,-0.081083421
0.833278404,-0.54863325,0.068181072
0.812435897,-0.579246751,0.066491467
-0.399704321,0.916059795,-0.032724728
-0.410190645,0.911380339,-0.033608222
-0.399733759,0.916043278,-0.032827349
0.753252561,-0.65480025,0.062025896
-0.665235352,0.744619666,-0.054804018
0.054557032,0.998500534,0.004495921
0.878539727,-0.472142896,0.072450216
-0.287192759,-0.957579746,-0.023692804
-0.368522658,0.929121311,-0.030407899
0.543899586,-0.837947623,0.044911265
0.780644742,0.621634482,0.064531839
0.607587402,0.79265709,0.050321828
0.906700278,-0.415035027,0.075103482
-0.119979574,0.992726613,-0.009938512
-0.259667215,-0.965457913,-0.021539631
-0.206733485,-0.978246521,-0.01717588
-0.021657621,0.999763825,-0.001800254
-0.807401764,0.586171954,-0.067118042
0.454338936,-0.890027138,0.037786567
0.603682001,0.795641448,0.050226764
0.421426664,0.906183791,0.035078541
0.191479392,-0.981367129,0.01594364
-0.990597684,0.109020133,-0.082648895
-0.850342817,0.521410735,-0.071048856
0.027168124,-0.999628297,0.002271607
-0.768591807,0.636500316,-0.064296051
-0.822701874,0.564271075,-0.068991163
-0.90386512,-0.42104565,-0.075818233
-0.566711723,-0.822541507,-0.047574077
-0.363403371,0.931131983,-0.030515913
0.966545071,0.243292906,0.081235384
-0.150053245,0.988597466,-0.012612487
-0.852975314,-0.517003665,-0.071696051
-0.996185017,0.023962678,-0.083911866
0.996423623,0.009631412,0.083947599
-0.112558651,0.993599815,-0.009484567
-0.223598873,0.974498877,-0.018854244
-0.987007606,0.13742231,-0.083253195
-0.986021289,0.144317127,-0.083274151
0.506391104,0.861241295,0.042795816
0.720839726,-0.690417088,0.060945332
0.873005044,-0.482087052,0.073853008
0.340849949,0.939669159,0.029037632
0.052706932,-0.998599915,0.004493182
0.155168099,0.987799117,0.013257623
-0.309125056,-0.950653001,-0.026468313
-0.190668831,-0.981518574,-0.016330511
0.29040434,-0.956578065,0.024974464
0.46352015,-0.885186949,0.039914099
-0.624703489,0.779000952,-0.053880124
0.317242332,0.947949631,0.027364204
0.99621054,-0.01336897,0.085940856
0.987697552,0.1310903,0.085257725
0.465469393,-0.884151474,0.040179783
-0.732773079,0.677523099,-0.06329348
0.493352659,-0.868784374,0.042624702
-0.278053324,-0.960264603,-0.024046658
0.204596111,0.978686398,0.01770212
-0.230500775,0.972867506,-0.019955148
-0.808953179,-0.583653819,-0.070306287
-0.842932544,0.533008081,-0.07326057
0.173794107,-0.984665866,0.015124157
-0.528588177,-0.847630035,-0.046020234
-0.07819606,0.996914708,-0.006814808
-0.526899425,-0.84868585,-0.045927375
-0.228226552,-0.973403373,-0.019962852
0.311120695,-0.949980573,0.027218094
-0.987222006,0.133790306,-0.086561334
0.431017343,0.901549598,0.037846704
-0.536028904,-0.84288632,-0.047070859
-0.287546467,-0.957429833,-0.025399693
0.28325626,0.958716759,0.025061288
-0.214961746,-0.976437036,-0.019030567
-0.220568533,-0.975175251,-0.019564033
0.422091336,0.905778791,0.037465783
-0.267311193,0.963316381,-0.023796553
0.969685294,-0.228572137,0.086401438
0.39955212,-0.916018726,0.035606137
-0.777121349,-0.625527686,-0.069264154
-0.843171896,0.532363539,-0.075167916
0.835567969,0.544312176,0.074501176
-0.792877454,-0.60526234,-0.070730778
0.644049025,-0.76281732,0.057537724
-0.988353345,0.123925809,-0.08831794
-0.913874838,0.397656728,-0.081865172
0.914656507,-0.395839174,0.081944027
0.066649161,0.997758601,0.005971976
0.952299707,-0.292987274,0.08534475
-0.796619338,-0.600247806,-0.071415699
-0.800683996,0.594762081,-0.07185545
-0.752764515,0.654813861,-0.067560291
-0.890465828,-0.447977047,-0.079919804
0.876171005,-0.475537746,0.078665249
0.537351047,-0.841976768,0.048259461
-0.488504295,-0.871455717,-0.043914538
0.500297009,0.864684217,0.044990088
0.573426375,0.817621782,0.051737937
-0.960032406,-0.266143485,-0.086633856
-0.809975849,-0.581881664,-0.073163197
0.938350161,0.335125277,0.084794013
0.129676082,-0.991486985,0.011733401
0.972479967,0.215715603,0.088031198
-0.908654645,0.409346872,-0.082352143
-0.755211742,0.651895709,-0.0684632
-0.280030019,-0.959653555,-0.025460601
0.42868605,0.902610609,0.03901742
0.401972942,0.914919,0.036619367
0.745399083,0.663139211,0.068019071
0.918569715,0.386261166,0.083856969
0.456217657,0.888891373,0.04168424
0.186666552,-0.982275066,0.017067303
-0.035051826,0.999380351,-0.003206924
-0.968842077,-0.231233404,-0.088747634
0.735408567,0.674266167,0.067374882
-0.895908196,0.436583906,-0.082115755
0.963521021,0.252560962,0.088544914
-0.245808663,-0.969054365,-0.022621648
0.517877841,-0.85412476,0.047680569
-0.977342454,0.191502007,-0.090159355
-0.176493808,-0.984166973,-0.016288207
-0.912732154,-0.39975748,-0.084344362
-0.837129135,0.541499343,-0.077416235
-0.74819314,-0.659857245,-0.069249121
-0.583823781,0.810079381,-0.054048027
-0.457421187,-0.8882413,-0.042346794
-0.76041065,0.645592121,-0.070614845
-0.891750878,0.444875851,-0.082860413
0.628567419,0.775555004,0.058458828
0.1904621,-0.981534675,0.017716375
0.550327804,0.833377588,0.051196714
0.308239002,0.950875423,0.028716684
-0.968220317,0.233212457,-0.090340285
-0.898499758,0.430880558,-0.083905476
0.89975563,-0.428217307,0.084081776
0.04858214,0.998808854,0.004544212
-0.995649563,0.002725726,-0.093137091
0.286406137,-0.957733394,0.026800583
0.542121845,-0.838763874,0.050784547
0.832323742,-0.548755164,0.078134231
0.645098562,0.761686393,0.060676883
0.917515532,-0.388179304,0.086498997
-0.168499866,-0.985573311,-0.015907331
-0.049330729,-0.998771594,-0.004667059
0.66540275,-0.743823011,0.062980226
-0.857369455,0.508230271,-0.081360979
-0.254955329,0.966649771,-0.024207444
0.880069327,0.467432656,0.08357447
-0.365505474,0.930160338,-0.034749019
-0.191711018,0.981281727,-0.018249884
0.67191007,0.737860914,0.064016632
-0.416761988,-0.908144637,-0.039783956
0.546099271,-0.836096513,0.052136427
0.11472159,0.993337197,0.010962215
0.171744411,0.985004828,0.016411789
-0.864560197,0.495688532,-0.082635015
-0.937644583,-0.335830452,-0.089669077
0.833417317,0.54685382,0.0797902
0.23874559,-0.970812584,0.02287948
0.238437569,-0.97088871,0.022861285
0.201971531,0.979199877,0.019367531
-0.719067024,-0.691511438,-0.068953215
0.775430102,0.627029269,0.074447646
0.528512471,-0.847406377,0.050764161
-0.824274202,0.560614749,-0.07926628
0.815911628,-0.572817898,0.078535802
0.678574423,-0.731612672,0.06541904
-0.077501895,0.996964096,-0.00748654
-0.917675599,-0.38727317,-0.088831228
-0.994678899,0.036593692,-0.096305708
0.025098541,0.999682024,0.002431982
-0.844284829,-0.529549176,-0.082224071
0.98308771,-0.156099212,0.095768415
-0.828679393,-0.553867717,-0.080752809
-0.055467493,0.998445844,-0.005408658
0.994098459,-0.048430113,0.097070992
0.841287693,0.534291126,0.08226792
-0.975661751,-0.197389519,-0.095506682
0.714012464,0.696630676,0.069942134
-0.625746115,-0.777614346,-0.061300322
-0.608947742,0.790951059,-0.059825334
0.994444558,-0.039004837,0.097768316
0.427777627,-0.902903863,0.042082242
0.620474399,-0.781846807,0.061049898
-0.931499045,0.351983798,-0.091743858
0.490820791,0.869908418,0.04852108
0.813064037,-0.576598475,0.080380789
-0.289906925,-0.956625362,-0.028668652
0.949674832,0.298809513,0.093971206
-0.052183859,0.998624135,-0.005165508
0.711860991,-0.698770922,0.070520412
0.994567715,0.03292753,0.098746337
0.841116973,-0.534349746,0.08362169
0.462326957,0.885515529,0.046000356
0.796285129,-0.599710008,0.079233202
-0.71804698,-0.69229851,-0.07163314
-0.823322653,-0.561598609,-0.082138973
-0.603177195,-0.795330358,-0.060223688
0.72324873,0.686801357,0.072216133
-0.897694606,-0.431372972,-0.089787265
-0.329253164,0.943667048,-0.032937154
0.948042352,0.303646863,0.094943564
-0.01585156,0.999873091,-0.001590635
0.131279181,-0.991257861,0.013176874
-0.994985948,-0.002615525,-0.099980613
-0.370871781,0.927935034,-0.037292013
-0.731993563,-0.677317808,-0.073661462
-0.382002913,-0.923359617,-0.038481051
0.953203098,0.286592508,0.09627351
0.844667582,0.528417356,0.085508912
-0.900531942,-0.425123051,-0.091173526
0.971762666,-0.214468181,0.098390653
0.65826601,0.749827094,0.066672249
-0.986489935,0.129796966,-0.099951767
-0.907537055,0.409739651,-0.092140721
-0.744805699,-0.662982313,-0.075623559
0.994458608,-0.028402204,0.101219527
-0.00161881,-0.999998676,-0.000165873
-0.953196701,-0.286100615,-0.097787972
0.987454781,0.121119343,0.101307261
-0.63606279,0.768857491,-0.065439183
-0.959795492,-0.262730892,-0.098818479
0.894274667,-0.437908977,0.092241791
-0.455621803,0.888928832,-0.047056393
0.991881161,-0.075091989,0.102630192
-0.548528767,-0.834198789,-0.056820532
0.991023745,0.085635277,0.102657375
-0.023243623,0.999726929,-0.002408698
0.574889731,0.81605864,0.059582659
0.448626025,0.89250749,0.046530313
0.471156336,-0.880690552,0.04894751
-0.309442195,-0.950373243,-0.032190481
0.229590093,-0.972994302,0.023884692
-0.208551685,0.977769345,-0.021755501
0.168638494,-0.985520964,0.017592273
0.80405226,0.588581807,0.084091736
0.494899676,0.867405335,0.05179089
0.843870005,0.529227393,0.088327698
-0.31034567,0.950067508,-0.03251607
0.160593732,-0.986876375,0.016872303
-0.214220147,0.976525942,-0.022512511
0.217411261,-0.975812259,0.022864364
-0.182868622,-0.982948574,-0.019265735
-0.72361479,0.685969406,-0.076338785
0.789462143,0.608118068,0.083318303
0.324788896,-0.945164801,0.034288073
-0.985518012,-0.13384735,-0.104111163
-0.8188736,-0.567415979,-0.086516665
0.369326448,0.928479141,0.039044325
0.848204445,0.521991245,0.089857444
-0.99275393,-0.058002331,-0.105239556
-0.716072441,-0.693885551,-0.075915098
0.882525178,-0.460835577,0.09370102
-0.277184116,0.960365763,-0.02943751
-0.250591817,-0.967726061,-0.026646069
-0.959370802,0.262999476,-0.102171129
0.705739267,-0.704466296,0.075228483
-0.907098906,0.409629399,-0.096826287
-0.334523908,0.941710357,-0.035712163
-0.750020215,0.656541734,-0.080141298
-0.955368262,-0.277166696,-0.102225762
0.315933169,-0.948178571,0.033817598
-0.993095047,-0.049376225,-0.106415303
0.8656674,-0.491948314,0.092772895
0.994234417,-0.011958708,0.106559436
-0.861642442,0.499017107,-0.09248908
0.684619599,0.725186223,0.073491137
0.332747321,-0.942335565,0.035817626
0.203836698,0.978758346,0.021970439
0.532269177,0.844627755,0.057388831
0.539585506,0.839915446,0.058219626
-0.512132162,0.857125865,-0.055280203
-0.221373669,0.974896009,-0.023905454
-0.884623995,-0.456400995,-0.095595603
-0.377657297,0.925040407,-0.040929346
-0.923839144,0.369420353,-0.100248886
-0.374801926,0.926211706,-0.040686498
0.801474086,-0.591665949,0.087009737
-0.755866183,0.649541261,-0.082234203
0.711849464,0.698044482,0.077487044
-0.877183924,-0.470514883,-0.095729348
0.95934673,0.262042936,0.104820568
0.399225366,0.915813413,0.043645156
0.905749136,-0.412029572,0.099247848
-0.611474524,-0.788414808,-0.067089477
0.974189243,-0.1987431,0.107035041
-0.992888005,0.047383291,-0.109216448
0.979601621,0.169560602,0.107841854
-0.415299044,0.908534781,-0.045730246
-0.344925392,-0.937860631,-0.037998824
-0.955516991,-0.275456026,-0.105409955
-0.890275328,0.444701168,-0.098238035
0.381212609,-0.92352899,0.042085047
0.993378527,-0.034187362,0.109682848
0.9909563,-0.077666702,0.109423464
-0.590804483,0.804170255,-0.06527069
0.826754616,0.555095001,0.091358333
-0.793145993,0.602686942,-0.08768058
-0.693704099,0.716163373,-0.076711452
0.918436849,0.38228911,0.101630662
-0.155701399,0.987653875,-0.017230741
-0.7291647,-0.679564061,-0.080694038
0.629679319,0.773721034,0.069711667
0.457357821,-0.887836753,0.050692444
0.854380595,-0.510896953,0.094963689
-0.615258907,0.785353327,-0.068385887
-0.04326507,0.999052034,-0.004813167
0.63174745,-0.77198074,0.070291514
0.866449671,0.489835398,0.096572514
0.490858681,0.869515646,0.054774962
-0.803288275,0.588793894,-0.089720102
-0.845096858,-0.526195054,-0.094499021
0.968947985,-0.222136473,0.108605663
0.307567257,-0.950895585,0.034640573
0.502754319,-0.862569187,0.056678859
0.851579479,0.515354094,0.096034101
-0.993022214,-0.03692953,-0.111995947
-0.878520709,0.467278799,-0.099256677
-0.618724855,-0.782484049,-0.069987611
-0.840899831,-0.532733076,-0.095304481
0.376192227,-0.925560108,0.042636775
0.992503177,0.047644028,0.112549946
-0.794435078,-0.600627,-0.090111673
-0.352223244,0.93506133,-0.039988689
-0.067641476,-0.997680133,-0.007680069
0.095642227,-0.995356471,0.010865568
-0.457337649,-0.887773971,-0.051958161
0.078571565,0.996868427,0.008935822
0.989412573,-0.091562367,0.112601476
0.802534819,0.589572534,0.091335056
-0.609818555,-0.789491159,-0.06946251
0.993243431,0.025671035,0.113174577
-0.656481918,-0.750619576,-0.074844799
0.59702457,0.799329769,0.068070425
0.606288154,0.792234912,0.069126825
0.072317143,0.997347581,0.008248307
-0.776014352,-0.62445931,-0.088613176
-0.250327421,-0.967738858,-0.028595203
-0.990912855,0.072531856,-0.113273317
-0.436084062,0.898521852,-0.049891596
0.926097796,0.362096738,0.105966146
-0.138053731,0.990298453,-0.015815865
0.953281861,-0.281641551,0.109232455
-0.845343348,0.525364743,-0.096884005
-0.924594147,0.36591862,-0.105968044
0.481693318,-0.874594474,0.055281588
-0.247465078,-0.968479526,-0.028433123
-0.284294675,0.958178884,-0.032707237
0.630390942,-0.772882483,0.072525358
0.957935938,0.264971143,0.110222649
0.379745987,-0.924053872,0.043788437
-0.386931024,-0.92102827,-0.044624074
0.180741547,0.983309685,0.020846024
-0.982297003,0.149174366,-0.113311986
0.949597475,-0.293689542,0.109595107
-0.878990184,0.465911415,-0.101502753
-0.769519615,0.632375619,-0.08911026
-0.301147042,0.952939327,-0.03488692
-0.89233281,-0.439375203,-0.103400132
-0.794033347,0.600856349,-0.092101525
-0.644030388,0.761340075,-0.074740544
0.870089492,0.482429051,0.101027158
0.905033696,-0.412149642,0.105103192
0.993315852,-0.002925846,0.115390893
0.662729906,-0.744847153,0.077406653
0.980059136,-0.162271303,0.114682664
-0.792227954,-0.603138889,-0.092727282
-0.868844076,0.484528399,-0.101696617
-0.160036649,0.986933296,-0.018733413
-0.904171111,-0.413849449,-0.10584534
-0.83736881,-0.537770754,-0.098061677
-0.99170176,-0.055033574,-0.116184875
-0.538578552,0.840209057,-0.063102179
-0.96310978,0.244237752,-0.112993242
0.115570264,0.993206661,0.013566217
-0.688484644,-0.720714061,-0.080994679
-0.080623701,-0.996699467,-0.009486374
-0.323772119,0.945367086,-0.038114129
-0.98062995,-0.158215725,-0.115467249
-0.652985926,-0.753456152,-0.076897382
0.540601215,-0.838861795,0.063727656
0.992705077,0.02882211,0.117072272
-0.209270451,-0.977545716,-0.024703257
0.886151408,-0.451434009,0.104608883
0.891885916,-0.439827067,0.105316969
-0.938574881,-0.32678894,-0.110843049
0.823871501,0.558324418,0.097517145
0.992995805,0.011469544,0.117591585
-0.264879116,-0.963770397,-0.031395474
0.975158985,-0.188867878,0.115731926
0.898810818,-0.425144885,0.106728344
0.786497142,-0.610487204,0.093421732
-0.829590867,-0.54957856,-0.09870359
-0.982934727,0.141699158,-0.117305888
-0.828754073,-0.550799387,-0.098927858
0.867980144,-0.485666472,0.103626959
0.652070064,0.754150582,0.077855835
0.966771337,-0.228037089,0.115552018
-0.62939936,0.773430762,-0.075241623
0.92773315,-0.356368609,0.110962234
0.93613257,0.333333145,0.112003685
-0.315460037,0.948187819,-0.037746867
-0.862355997,-0.495657572,-0.103274909
-0.98823068,-0.096806726,-0.118442311
-0.949611026,-0.29195728,-0.114016866
0.576237782,-0.81434694,0.069203179
0.94103325,0.318871267,0.113037772
-0.926756695,0.358736537,-0.111490469
0.648526754,0.757182689,0.078021948
-0.953864913,-0.277422184,-0.114798345
-0.90388652,-0.413671174,-0.108928047
-0.213820164,-0.976532942,-0.025775003
-0.430779863,0.900959539,-0.051967481
0.989700333,-0.078822916,0.119499785
-0.921753648,0.37144961,-0.111334631
0.23414204,-0.971789511,0.028331096
0.107794473,0.994087539,0.013050568
-0.574506472,-0.815538565,-0.069564089
-0.964453856,0.237024195,-0.116825895
-0.133967341,0.990852557,-0.016246929
-0.966580019,0.227981888,-0.117248987
-0.275519149,-0.960714154,-0.033429234
0.652704157,-0.753450722,0.079305059
-0.494917564,0.866855722,-0.060147837
-0.92782893,0.355528049,-0.112841847
0.751679358,-0.653159714,0.09143594
0.814624637,-0.571446224,0.09917618
-0.635152042,-0.768497807,-0.077414494
0.054525843,-0.998490216,0.006649857
0.97388224,0.193480937,0.118821337
-0.961454316,0.24866418,-0.117352991
-0.514351636,0.855268651,-0.062912072
0.107218283,0.994148966,0.013117697
0.148704,0.988714293,0.018198004
0.992326574,-0.022804126,0.12152342
-0.152106372,-0.988188192,-0.018648008
-0.093441181,0.995558809,-0.01146312
0.142020806,-0.989709979,0.017442729
0.798201635,-0.594347135,0.098110316
-0.983385261,-0.13522999,-0.121104411
-0.829013279,-0.549825512,-0.102121933
0.398470984,0.915865749,0.04909994
-0.468294787,-0.881680907,-0.057782104
0.951528273,-0.284259584,0.117432682
0.967680099,-0.222038011,0.11955897
0.248362356,0.968180999,0.030687028
0.037513263,0.999285364,0.004638468
0.805855107,-0.583668411,0.099643024
0.574514872,0.815400739,0.071093575
-0.816233842,-0.568822668,-0.101010333
-0.992072717,0.026076188,-0.122929886
0.975908575,0.181592437,0.120940646
0.621776538,-0.779393534,0.077069167
0.146978852,0.988971777,0.018222017
-0.380860637,-0.92342484,-0.047241303
-0.899292963,-0.422846207,-0.111683717
0.494479966,-0.867016092,0.061421971
-0.928346245,-0.353333757,-0.115449147
-0.562523738,-0.823815891,-0.069960141
-0.504618063,0.861054361,-0.062817172
-0.49752009,-0.865238203,-0.061940389
-0.00108202,-0.999999406,-0.000135021
0.782852696,-0.614463725,0.097856973
0.967597771,-0.221585456,0.121055518
0.852507437,0.511714726,0.106672903
-0.350190276,-0.935652442,-0.04383239
0.991617171,-0.035531958,0.124229087
0.831734295,-0.545287956,0.10430296
0.023788467,-0.99971256,0.002984212
0.5166063,-0.853764429,0.064840045
-0.282935727,0.958477045,-0.035624824
-0.370383122,-0.92770601,-0.046667999
0.682984159,-0.725344149,0.086072664
-0.532557175,-0.843716939,-0.067265018
-0.787701909,-0.607967789,-0.099503117
0.251961864,0.967213196,0.031841061
-0.727099946,0.680350783,-0.091915614
0.822819061,0.558699766,0.104035396
-0.955982507,0.267285917,-0.121060665
-0.490896841,-0.868996344,-0.06217432
-0.927198049,0.35567183,-0.117479046
-0.968464258,0.216752196,-0.122863609
-0.575761889,0.814341454,-0.073118005
0.960418262,0.250383105,0.122086289
0.609420522,-0.789045906,0.077544728
-0.162793556,0.986442639,-0.020716613